{
  "count": 307200,
  "flatness_range_mm": 4.184596871722082,
  "flatness_rms_mm": 0.8213379659406381,
  "flatness_mean_mm": -1.3142477622094455,
  "flatness_std_mm": 0.8213379659406381,
  "max_mm": 0.8149993797262225,
  "min_mm": -3.36959749199586,
  "p95_mm": 2.6505418097255142
}