{
  "count": 307200,
  "flatness_range_mm": 71.91360764431484,
  "flatness_rms_mm": 19.03274031893331,
  "flatness_mean_mm": 42.533885736600986,
  "flatness_std_mm": 19.03274031893331,
  "max_mm": 78.44549654283216,
  "min_mm": 6.531888898517322,
  "p95_mm": 72.05892001680458
}