{
  "count": 307200,
  "flatness_range_mm": 72.27936932406243,
  "flatness_rms_mm": 19.242282033058597,
  "flatness_mean_mm": 43.58852591129324,
  "flatness_std_mm": 19.242282033058597,
  "max_mm": 79.52442321347367,
  "min_mm": 7.245053889411238,
  "p95_mm": 73.44896555748791
}