{
  "count": 2181974,
  "flatness_range_mm": 111.64258617585449,
  "flatness_rms_mm": 26.740555631901493,
  "flatness_mean_mm": 23.009561509325447,
  "flatness_std_mm": 26.740555631901493,
  "max_mm": 85.81228146996035,
  "min_mm": -25.830304705894136,
  "p95_mm": 69.9345279710054
}