{
  "count": 12582912,
  "flatness_range_mm": 49.35113947871231,
  "flatness_rms_mm": 11.7738594002733,
  "flatness_mean_mm": 10.148276066285282,
  "flatness_std_mm": 11.7738594002733,
  "max_mm": 37.877973797481935,
  "min_mm": -11.473165681230377,
  "p95_mm": 30.816634003501463
}