{
  "count": 12582912,
  "flatness_range_mm": 49.351119893433,
  "flatness_rms_mm": 11.773858815012305,
  "flatness_mean_mm": 10.148276196334294,
  "flatness_std_mm": 11.773858815012305,
  "max_mm": 37.877962590214445,
  "min_mm": -11.473157303218558,
  "p95_mm": 30.81663182121608
}